{
    "num_points": 17201,
    "volume_aabb": 101.41061776191553,
    "extent_aabb": [
        5.7762355840321575,
        4.307633858572112,
        4.075676907743663
    ],
    "voxel_size": 0.1,
    "avg_density": 169.61734756791697
}