{
    "num_points": 94397,
    "volume_aabb": 151.78452287424406,
    "extent_aabb": [
        6.130558977575822,
        4.913878289215113,
        5.03852038105064
    ],
    "voxel_size": 0.075,
    "avg_density": 621.9145286519723
}