{
    "num_points": 194813,
    "volume_aabb": 204.84510664836708,
    "extent_aabb": [
        5.02610395589809,
        7.972768038956546,
        5.11193117677252
    ],
    "voxel_size": 0.05,
    "avg_density": 951.025890671687
}