{
    "num_points": 126219,
    "volume_aabb": 274.60503069646234,
    "extent_aabb": [
        9.449434843994215,
        5.22502109784074,
        5.561790243623357
    ],
    "voxel_size": 0.05,
    "avg_density": 459.63833830676447
}