{
    "num_points": 126219,
    "volume_aabb": 274.6866531392497,
    "extent_aabb": [
        9.449518985246893,
        5.224972367805363,
        5.5634457545005604
    ],
    "voxel_size": 0.05,
    "avg_density": 459.5017579394894
}