{
    "num_points": 202314,
    "volume_aabb": 29.781645741326482,
    "extent_aabb": [
        3.7289502405564794,
        2.4033100403742087,
        3.323168054423645
    ],
    "voxel_size": 0.02
}