{
    "num_points": 1101713,
    "volume_aabb": 56.552773963927166,
    "extent_aabb": [
        4.319747711882582,
        2.826618440102734,
        4.631571162222139
    ],
    "voxel_size": 0.01,
    "avg_density": 19481.148717881464
}