{
    "num_points": 55577,
    "volume_aabb": 69.81187366174967,
    "extent_aabb": [
        5.060600059209953,
        3.5120402733954554,
        3.9279666375026983
    ],
    "voxel_size": 0.1,
    "avg_density": 796.0966678717142
}