{
    "num_points": 373211,
    "volume_aabb": 25.747273960995877,
    "extent_aabb": [
        3.9411912768493336,
        2.0743677108164187,
        3.1493287478382754
    ],
    "voxel_size": 0.02,
    "avg_density": 14495.165607255014
}