{
    "num_points": 117641,
    "volume_aabb": 225.85671550863583,
    "extent_aabb": [
        9.945758306045374,
        5.421393204831725,
        4.188747676516863
    ],
    "voxel_size": 0.075,
    "avg_density": 520.8656281708032
}