{
    "num_points": 708686,
    "volume_aabb": 15.050745870292996,
    "extent_aabb": [
        2.9755693449648963,
        1.679589860738726,
        3.011512725749778
    ],
    "voxel_size": 0.02,
    "avg_density": 47086.43718440539
}