{
    "num_points": 194813,
    "volume_aabb": 204.8390385485196,
    "extent_aabb": [
        5.025917523796186,
        7.972313685603444,
        5.112260702103384
    ],
    "voxel_size": 0.05,
    "avg_density": 951.0540636220338
}