{
    "num_points": 105717,
    "volume_aabb": 13.335846287260935,
    "extent_aabb": [
        2.8403488730031254,
        2.267216034758298,
        2.0708850360991278
    ],
    "voxel_size": 0.02,
    "avg_density": 7927.280933118293
}