{
    "num_points": 301695,
    "volume_aabb": 198.2769208320188,
    "extent_aabb": [
        10.748221708681726,
        2.844469420373527,
        6.485362863529204
    ],
    "voxel_size": 0.05,
    "avg_density": 1521.5840488848298
}