{
    "num_points": 58496,
    "volume_aabb": 225.1456239913999,
    "extent_aabb": [
        8.276333824833827,
        4.496448605430708,
        6.050006997309517
    ],
    "voxel_size": 0.075,
    "avg_density": 259.8140659497536
}