{
    "num_points": 211668,
    "volume_aabb": 55.753371309217734,
    "extent_aabb": [
        5.086631064033422,
        2.5797036131799387,
        4.248846901153254
    ],
    "voxel_size": 0.05,
    "avg_density": 3796.5058440332346
}