{
    "num_points": 202314,
    "volume_aabb": 29.785271919249176,
    "extent_aabb": [
        3.7291935522825908,
        2.4009883257786675,
        3.326569460672056
    ],
    "voxel_size": 0.02,
    "avg_density": 6792.417425246052
}