{
    "num_points": 224754,
    "volume_aabb": 83.21400296678863,
    "extent_aabb": [
        5.38943813751058,
        3.8524028491927593,
        4.007940147543061
    ],
    "voxel_size": 0.025,
    "avg_density": 2700.915615004137
}