{
    "num_points": 604690,
    "volume_aabb": 26.978154590357136,
    "extent_aabb": [
        3.2547043068585806,
        2.4374530021791796,
        3.4006696834078673
    ],
    "voxel_size": 0.02,
    "avg_density": 22414.060901561286
}