{
    "num_points": 1549418,
    "volume_aabb": 66.92675111385921,
    "extent_aabb": [
        4.774847529793513,
        3.006903661627113,
        4.661446680574262
    ],
    "voxel_size": 0.01,
    "avg_density": 23150.951961855295
}