{
    "num_points": 247554,
    "volume_aabb": 3.873963584883874e+32,
    "extent_aabb": [
        61133818499.47067,
        39181379393.92731,
        161731378932.865
    ],
    "voxel_size": 0.02,
    "avg_density": 6.390199457887281e-28
}