{
    "num_points": 64074,
    "volume_aabb": 152.90814220480237,
    "extent_aabb": [
        4.96788048094958,
        5.250460371734899,
        5.862219664295376
    ],
    "voxel_size": 0.05,
    "avg_density": 419.0358935509167
}