{
    "num_points": 19735,
    "volume_aabb": 12.889630474942733,
    "extent_aabb": [
        2.2684541101140785,
        2.0456339674332615,
        2.777682114741511
    ],
    "voxel_size": 0.05,
    "avg_density": 1531.0756998320917
}