{
    "num_points": 373211,
    "volume_aabb": 25.70381414378155,
    "extent_aabb": [
        3.926738934830385,
        2.0743245286227308,
        3.1556500884802348
    ],
    "voxel_size": 0.02,
    "avg_density": 14519.673925135732
}