{
    "num_points": 3899,
    "volume_aabb": 1.373105519552271e+46,
    "extent_aabb": [
        7093924473216520.0,
        2470584416999529.0,
        783461491015464.0
    ],
    "voxel_size": 0.5,
    "avg_density": 2.8395487050924886e-43
}