{
    "num_points": 68050,
    "volume_aabb": 254.18009997610133,
    "extent_aabb": [
        6.905659558612951,
        6.610145434582602,
        5.568335151538022
    ],
    "voxel_size": 0.1,
    "avg_density": 267.72355509498277
}