{
    "num_points": 873449,
    "volume_aabb": 51.034255534628905,
    "extent_aabb": [
        3.6997412984001548,
        3.2290831352939033,
        4.271802838893907
    ],
    "voxel_size": 0.02,
    "avg_density": 17114.955256030487
}