{
    "num_points": 346189,
    "volume_aabb": 79.10615471823812,
    "extent_aabb": [
        4.588063127297358,
        3.761059788662033,
        4.584274896519846
    ],
    "voxel_size": 0.05,
    "avg_density": 4376.258727693981
}