{
    "fitness": 0.07506580738858128,
    "inlier_rmse": 0.031074990276780897,
    "voxel_size": 0.02,
    "num_points_source": 75633,
    "num_points_target": 183884
}