{
    "num_points": 559250,
    "volume_aabb": 48.87027096945307,
    "extent_aabb": [
        3.609913120670957,
        3.252071810061457,
        4.162822280068115
    ],
    "voxel_size": 0.01,
    "avg_density": 11443.562495275824
}