{
    "num_points": 698477,
    "volume_aabb": 57.32323853459663,
    "extent_aabb": [
        5.301534765046233,
        2.6335006541642976,
        4.105779992797887
    ],
    "voxel_size": 0.02,
    "avg_density": 12184.883789816657
}