{
    "num_points": 203607,
    "volume_aabb": 19.425963933109305,
    "extent_aabb": [
        3.295040678553888,
        2.0679587467953904,
        2.8508864951423294
    ],
    "voxel_size": 0.02
}