{
    "num_points": 698477,
    "volume_aabb": 57.323238532003586,
    "extent_aabb": [
        5.301534764958381,
        2.6335006540937886,
        4.105779992790124
    ],
    "voxel_size": 0.02,
    "avg_density": 12184.883790367845
}