{
    "num_points": 1310233,
    "volume_aabb": 33.724251955009585,
    "extent_aabb": [
        3.72561653646782,
        2.520882185443475,
        3.5908033649016193
    ],
    "voxel_size": 0.02,
    "avg_density": 38851.35841553843
}