{
    "num_points": 203607,
    "volume_aabb": 19.425963933109294,
    "extent_aabb": [
        3.295040678553888,
        2.06795874679539,
        2.8508864951423285
    ],
    "voxel_size": 0.02,
    "avg_density": 10481.178730748881
}