{
    "num_points": 1310101,
    "volume_aabb": 76.44634004855985,
    "extent_aabb": [
        4.617824402788954,
        3.6667372579986335,
        4.51481014258469
    ],
    "voxel_size": 0.02,
    "avg_density": 17137.52416620344
}