{
    "num_points": 698477,
    "volume_aabb": 57.32323853399243,
    "extent_aabb": [
        5.301534765060955,
        2.633500654152719,
        4.105779992761261
    ],
    "voxel_size": 0.02,
    "avg_density": 12184.883789945088
}