{
    "num_points": 29592,
    "volume_aabb": 113.37366829880925,
    "extent_aabb": [
        5.211813342607297,
        4.936622594368936,
        4.406496391863348
    ],
    "voxel_size": 0.075,
    "avg_density": 261.01298867746704
}