{
    "num_points": 94397,
    "volume_aabb": 151.78557407958155,
    "extent_aabb": [
        6.130559332868749,
        4.91381541224526,
        5.03861945716691
    ],
    "voxel_size": 0.075,
    "avg_density": 621.9102215241313
}