{
    "num_points": 389639,
    "volume_aabb": 19.816315083346602,
    "extent_aabb": [
        3.2989679114387087,
        2.068155516475425,
        2.90443468842599
    ],
    "voxel_size": 0.02,
    "avg_density": 19662.53556027922
}