{
    "num_points": 33956,
    "volume_aabb": 231.20902553025945,
    "extent_aabb": [
        5.459449422515527,
        5.892744477250941,
        7.1868458007945515
    ],
    "voxel_size": 0.1,
    "avg_density": 146.8627789167167
}