{
    "num_points": 64074,
    "volume_aabb": 152.90814220480223,
    "extent_aabb": [
        4.967880480949589,
        5.2504603717348886,
        5.862219664295372
    ],
    "voxel_size": 0.05,
    "avg_density": 419.0358935509171
}