{
    "num_points": 915787,
    "volume_aabb": 65.46886345022422,
    "extent_aabb": [
        4.648647471549726,
        3.774987881629035,
        3.7307197554151976
    ],
    "voxel_size": 0.01,
    "avg_density": 13988.130414029107
}