{
    "num_points": 170656,
    "volume_aabb": 186.1267577651449,
    "extent_aabb": [
        5.785296950209723,
        5.563416712757065,
        5.7828451864582675
    ],
    "voxel_size": 0.075,
    "avg_density": 916.8805283511899
}