{
    "num_points": 202314,
    "volume_aabb": 29.78164574132651,
    "extent_aabb": [
        3.7289502405564794,
        2.4033100403742096,
        3.323168054423647
    ],
    "voxel_size": 0.02,
    "avg_density": 6793.2444619492235
}