{
    "num_points": 609620,
    "volume_aabb": 18.657215540997175,
    "extent_aabb": [
        3.206572947843989,
        1.7100348502183658,
        3.4025204426611486
    ],
    "voxel_size": 0.02,
    "avg_density": 0.0
}