{
    "num_points": 609620,
    "volume_aabb": 18.657215547675516,
    "extent_aabb": [
        3.20657294772351,
        1.7100348503919869,
        3.4025204436614604
    ],
    "voxel_size": 0.02,
    "avg_density": 32674.75784059063
}