{
    "num_points": 446005,
    "volume_aabb": 224.17325229766143,
    "extent_aabb": [
        4.749371515042972,
        7.3870728050728145,
        6.389623520347557
    ],
    "voxel_size": 0.025,
    "avg_density": 1989.5549331986592
}