{
    "num_points": 508410,
    "volume_aabb": 12.5293159679178,
    "extent_aabb": [
        2.858099517300997,
        1.4669544813952382,
        2.9883631799167256
    ],
    "voxel_size": 0.02,
    "avg_density": 40577.63419023192
}