{
    "num_points": 202314,
    "volume_aabb": 29.781645741326486,
    "extent_aabb": [
        3.7289502405564794,
        2.403310040374209,
        3.323168054423645
    ],
    "voxel_size": 0.02,
    "avg_density": 6793.244461949229
}