{
    "num_points": 508410,
    "volume_aabb": 12.529315967917801,
    "extent_aabb": [
        2.858099517300997,
        1.4669544813952384,
        2.988363179916725
    ],
    "voxel_size": 0.02,
    "avg_density": 40577.63419023191
}