{
    "num_points": 202314,
    "volume_aabb": 29.78525094108144,
    "extent_aabb": [
        3.729191141574971,
        2.4009883810386063,
        3.3265691915961297
    ],
    "voxel_size": 0.02,
    "avg_density": 6792.422209240397
}