{
    "num_points": 345285,
    "volume_aabb": 153.51674980026323,
    "extent_aabb": [
        4.723004691904682,
        4.895408772354448,
        6.639699559004125
    ],
    "voxel_size": 0.05,
    "avg_density": 2249.1682532964096
}