{
    "num_points": 55577,
    "volume_aabb": 69.74767016432693,
    "extent_aabb": [
        5.060682495695576,
        3.5091000026107775,
        3.927578458374623
    ],
    "voxel_size": 0.1,
    "avg_density": 796.8294836094088
}