{
    "num_points": 956940,
    "volume_aabb": 70.88041792813416,
    "extent_aabb": [
        4.1659299316313705,
        3.8954881655994673,
        4.367696162437945
    ],
    "voxel_size": 0.02,
    "avg_density": 13500.766896863446
}