{
    "num_points": 609620,
    "volume_aabb": 18.570322439690823,
    "extent_aabb": [
        3.202301590164207,
        1.707667183379982,
        3.395892868642977
    ],
    "voxel_size": 0.02,
    "avg_density": 32827.64755322954
}