{
    "num_points": 722459,
    "volume_aabb": 30.528529888076715,
    "extent_aabb": [
        3.732031600399792,
        2.3486187077889262,
        3.482956599952996
    ],
    "voxel_size": 0.02,
    "avg_density": 23665.043899875607
}