{
    "num_points": 377609,
    "volume_aabb": 8.680208248981829e+32,
    "extent_aabb": [
        190000525438.69385,
        43575439677.19929,
        104841581797.38016
    ],
    "voxel_size": 0.02,
    "avg_density": 4.350229731461717e-28
}