{
    "num_points": 664551,
    "volume_aabb": 39.23681520549471,
    "extent_aabb": [
        4.875790655100337,
        2.2097963868742525,
        3.6416352084124464
    ],
    "voxel_size": 0.02,
    "avg_density": 16936.925092404967
}