{
    "num_points": 698477,
    "volume_aabb": 57.32323853218003,
    "extent_aabb": [
        5.301534764978947,
        2.633500654093023,
        4.105779992788028
    ],
    "voxel_size": 0.02,
    "avg_density": 12184.883790330341
}