{
    "num_points": 346189,
    "volume_aabb": 33.723700817237,
    "extent_aabb": [
        3.9207697361313167,
        2.4700176433113397,
        3.4822811749368876
    ],
    "voxel_size": 0.02,
    "avg_density": 10265.451051061822
}