Test ID,fx,fy,cx,cy,Num Points,BBox Volume,BBox Center X,BBox Center Y,BBox Center Z
0,525.0,525.0,319.5,239.5,54476,32.427088309089505,-0.040165702956063365,-0.41468856527691794,2.036363672465086
1,600.0,600.0,320.0,240.0,49017,24.823391408101603,-0.038474990129470754,-0.36613749464352924,2.0365290216345717
2,450.0,450.0,310.0,230.0,61066,44.18576221924055,0.03750001430511474,-0.4006249849001567,2.0365290216345717
3,500.0,480.0,300.0,250.0,56970,37.192715398107595,0.11367001390457165,-0.5397968689600627,2.0365290216345717
