{
    "num_points": 148446,
    "volume_aabb": 20.701711878257832,
    "extent_aabb": [
        3.0535703487042527,
        2.3260825223364217,
        2.9145614207290764
    ],
    "voxel_size": 0.02,
    "avg_density": 7170.711334066378
}