{
    "num_points": 664551,
    "volume_aabb": 40.06721716600009,
    "extent_aabb": [
        4.77708687840193,
        2.2453872231686747,
        3.7353800349727915
    ],
    "voxel_size": 0.02,
    "avg_density": 16585.90356417164
}