{
    "num_points": 616591,
    "volume_aabb": 36.55098078662653,
    "extent_aabb": [
        3.880028025738803,
        2.333793280593655,
        4.036470542281955
    ],
    "voxel_size": 0.02,
    "avg_density": 16869.34212790267
}