{
    "num_points": 508410,
    "volume_aabb": 12.534607312862773,
    "extent_aabb": [
        2.85819956408663,
        1.4675081973697393,
        2.988392572480481
    ],
    "voxel_size": 0.02
}