{
    "num_points": 175736,
    "volume_aabb": 18.365336597017244,
    "extent_aabb": [
        3.236336469992266,
        1.6927220171700292,
        3.352428947632216
    ],
    "voxel_size": 0.05,
    "avg_density": 9568.896223145819
}