{
    "num_points": 25987,
    "volume_aabb": 68.50905153846163,
    "extent_aabb": [
        4.664147307441243,
        3.9764970182081965,
        3.693814107710784
    ],
    "voxel_size": 0.15,
    "avg_density": 379.3221394316144
}