{
    "num_points": 202314,
    "volume_aabb": 29.785242188066878,
    "extent_aabb": [
        3.729191114999175,
        2.4009875963300207,
        3.326569324934942
    ],
    "voxel_size": 0.02,
    "avg_density": 6792.424205335313
}