{
    "num_points": 202314,
    "volume_aabb": 29.785220616522903,
    "extent_aabb": [
        3.7291894035667124,
        2.400987011307622,
        3.3265692529199216
    ],
    "voxel_size": 0.02,
    "avg_density": 6792.429124656856
}