{
    "num_points": 202314,
    "volume_aabb": 29.785220275785388,
    "extent_aabb": [
        3.7291893390527244,
        2.400987037823403,
        3.326569235675707
    ],
    "voxel_size": 0.02
}