{
    "num_points": 391428,
    "volume_aabb": 247.78009502560593,
    "extent_aabb": [
        5.32090124287482,
        6.6789087107949,
        6.972294283322616
    ],
    "voxel_size": 0.05,
    "avg_density": 1579.7394861744212
}